"age_group","sleep","exercise","stress"
"18-24","6.9997296240160368","7.1527604752359067","19.9960250330024935"
"25-34","6.9966762210933043","7.1424647004362695","19.9699770078815479"
"35-44","6.9981887489020641","7.1393088493631972","20.0182977876592007"
"45+","7.0005359389045963","7.1410410103386449","19.9780436353788199"
"Under 18","7.0018747692433918","7.1510679757688468","19.9914261100247508"
